{
    "accuracy": [
        0.7204166650772095,
        0.8243333101272583,
        0.8507291674613953,
        0.8666666746139526,
        0.875,
        0.8788124918937683,
        0.8862083554267883,
        0.8912916779518127,
        0.8931666612625122,
        0.8972291946411133,
        0.8988749980926514,
        0.9017083048820496,
        0.9027291536331177,
        0.9051874876022339,
        0.9070208072662354,
        0.9068958163261414,
        0.9079999923706055,
        0.9112083315849304,
        0.9107499718666077,
        0.9116874933242798,
        0.914145827293396,
        0.9151458144187927,
        0.9168750047683716,
        0.9151250123977661,
        0.9169999957084656,
        0.9180416464805603,
        0.9189791679382324,
        0.9190000295639038,
        0.9209374785423279,
        0.9209583401679993,
        0.9221458435058594,
        0.921916663646698,
        0.9238749742507935,
        0.9243749976158142,
        0.9246666431427002,
        0.9236249923706055,
        0.9217291474342346,
        0.924875020980835,
        0.9257083535194397,
        0.9252499938011169,
        0.9259791374206543,
        0.925166666507721,
        0.9266250133514404,
        0.9276458621025085,
        0.9273541569709778,
        0.9257708191871643,
        0.9282916784286499,
        0.9284166693687439,
        0.9284999966621399,
        0.9283958077430725
    ],
    "val_accuracy": [
        0.8323333263397217,
        0.8651666641235352,
        0.8830000162124634,
        0.8970833420753479,
        0.893833339214325,
        0.8995833396911621,
        0.9013333320617676,
        0.9042500257492065,
        0.909333348274231,
        0.9096666574478149,
        0.9101666808128357,
        0.909500002861023,
        0.909583330154419,
        0.9126666784286499,
        0.9111666679382324,
        0.9130833148956299,
        0.9162499904632568,
        0.9133333563804626,
        0.9155833125114441,
        0.9160833358764648,
        0.9190000295639038,
        0.9199166893959045,
        0.9177500009536743,
        0.9167500138282776,
        0.9203333258628845,
        0.9192500114440918,
        0.9223333597183228,
        0.9172499775886536,
        0.921583354473114,
        0.918833315372467,
        0.9213333129882812,
        0.9198333621025085,
        0.9204999804496765,
        0.9235833287239075,
        0.9210833311080933,
        0.9212499856948853,
        0.9196666479110718,
        0.9201666712760925,
        0.9205833077430725,
        0.9204999804496765,
        0.9227499961853027,
        0.9239166378974915,
        0.9229166507720947,
        0.9204166531562805,
        0.9191666841506958,
        0.921750009059906,
        0.9205833077430725,
        0.9240000247955322,
        0.918833315372467,
        0.921583354473114
    ],
    "loss": [
        0.7563682198524475,
        0.47635868191719055,
        0.40522417426109314,
        0.36498087644577026,
        0.3399754762649536,
        0.32393592596054077,
        0.30762460827827454,
        0.297084242105484,
        0.28756704926490784,
        0.27928975224494934,
        0.2718091309070587,
        0.26574358344078064,
        0.26171866059303284,
        0.25604483485221863,
        0.25118184089660645,
        0.24641339480876923,
        0.2439190298318863,
        0.24080678820610046,
        0.23502518236637115,
        0.23373156785964966,
        0.22973400354385376,
        0.2243054211139679,
        0.22422395646572113,
        0.2233445793390274,
        0.21933911740779877,
        0.21814750134944916,
        0.2173791229724884,
        0.21397468447685242,
        0.2109432816505432,
        0.2103220671415329,
        0.2046833038330078,
        0.2087288349866867,
        0.20081084966659546,
        0.20220552384853363,
        0.2043623924255371,
        0.20117232203483582,
        0.20125502347946167,
        0.19677813351154327,
        0.1934722363948822,
        0.19590820372104645,
        0.19584938883781433,
        0.19365476071834564,
        0.1931707113981247,
        0.19196736812591553,
        0.19157975912094116,
        0.19562074542045593,
        0.18982243537902832,
        0.18705299496650696,
        0.18594467639923096,
        0.1881803572177887
    ],
    "val_loss": [
        0.45546212792396545,
        0.3678989112377167,
        0.32305416464805603,
        0.2935580313205719,
        0.2961995005607605,
        0.2776801288127899,
        0.26544898748397827,
        0.26460570096969604,
        0.2518935799598694,
        0.25158071517944336,
        0.2487226128578186,
        0.24401584267616272,
        0.24666482210159302,
        0.23765580356121063,
        0.24088197946548462,
        0.23773442208766937,
        0.22994939982891083,
        0.23511900007724762,
        0.23024912178516388,
        0.231061652302742,
        0.22548285126686096,
        0.21999917924404144,
        0.2268141508102417,
        0.2307661920785904,
        0.2204866260290146,
        0.2243698537349701,
        0.22173021733760834,
        0.2280462384223938,
        0.22322891652584076,
        0.22026920318603516,
        0.21683160960674286,
        0.2210903763771057,
        0.22357513010501862,
        0.21622945368289948,
        0.22369664907455444,
        0.21909287571907043,
        0.220311239361763,
        0.22193413972854614,
        0.21918219327926636,
        0.226095050573349,
        0.21806514263153076,
        0.2146826982498169,
        0.2187148779630661,
        0.22694125771522522,
        0.22453704476356506,
        0.2231123000383377,
        0.2232627421617508,
        0.22223474085330963,
        0.22519716620445251,
        0.2187008112668991
    ]
}